{
  "phonebook": [
    {
      "Name": "군수실",
      "Phone": "063-350-2003",
      "Date": "2022-06-20"
    },
    {
      "Name": "부군수실",
      "Phone": "063-350-2011",
      "Date": "2022-06-20"
    },
    {
      "Name": "기획조정실_기획",
      "Phone": "063-350-2030",
      "Date": "2022-06-20"
    },
    {
      "Name": "기획조정실_정책",
      "Phone": "063-350-2040",
      "Date": "2022-06-20"
    },
    {
      "Name": "기획조정실_예산",
      "Phone": "063-350-2045",
      "Date": "2022-06-20"
    },
    {
      "Name": "기획조정실_감사법무",
      "Phone": "063-350-2055",
      "Date": "2022-06-20"
    },
    {
      "Name": "기획조정실_홍보",
      "Phone": "063-350-2065",
      "Date": "2022-06-20"
    },
    {
      "Name": "기획조정실_행정복지국",
      "Phone": "063-350-2012",
      "Date": "2022-06-20"
    },
    {
      "Name": "행정지원과_행정",
      "Phone": "063-350-2135",
      "Date": "2022-06-20"
    },
    {
      "Name": "행정지원과_군민소통",
      "Phone": "063-350-2007",
      "Date": "2022-06-20"
    },
    {
      "Name": "행정지원과_서무후생",
      "Phone": "063-350-2155",
      "Date": "2022-06-20"
    },
    {
      "Name": "행정지원과_평생교육",
      "Phone": "063-350-2165",
      "Date": "2022-06-20"
    },
    {
      "Name": "행정지원과_정보통신",
      "Phone": "063-350-2170",
      "Date": "2022-06-20"
    },
    {
      "Name": "행정지원과_노사협력",
      "Phone": "063-350-2145",
      "Date": "2022-06-20"
    },
    {
      "Name": "주민복지과_희망복지",
      "Phone": "063-350-2070",
      "Date": "2022-06-20"
    },
    {
      "Name": "주민복지과_사회보장",
      "Phone": "063-350-2080",
      "Date": "2022-06-20"
    },
    {
      "Name": "주민복지과_통합조사",
      "Phone": "063-350-2090",
      "Date": "2022-06-20"
    },
    {
      "Name": "주민복지과_여성청소년",
      "Phone": "063-350-2100",
      "Date": "2022-06-20"
    },
    {
      "Name": "주민복지과_경로복지",
      "Phone": "063-350-2110",
      "Date": "2022-06-20"
    },
    {
      "Name": "주민복지과_드림스타트",
      "Phone": "063-350-2125",
      "Date": "2022-06-20"
    },
    {
      "Name": "주민복지과_독거노인돌봄",
      "Phone": "063-350-2116",
      "Date": "2022-06-20"
    },
    {
      "Name": "재무과_세정",
      "Phone": "063-350-2215",
      "Date": "2022-06-20"
    },
    {
      "Name": "재무과_세입징수",
      "Phone": "063-350-2235",
      "Date": "2022-06-20"
    },
    {
      "Name": "재무과_경리",
      "Phone": "063-350-2225",
      "Date": "2022-06-20"
    },
    {
      "Name": "재무과_재산관리",
      "Phone": "063-350-2245",
      "Date": "2022-06-20"
    },
    {
      "Name": "민원과_종합민원",
      "Phone": "063-350-2255",
      "Date": "2022-06-20"
    },
    {
      "Name": "민원과_지적",
      "Phone": "063-350-2265",
      "Date": "2022-06-20"
    },
    {
      "Name": "민원과_재조사",
      "Phone": "063-350-2290",
      "Date": "2022-06-20"
    },
    {
      "Name": "민원과_부동산",
      "Phone": "063-350-2275",
      "Date": "2022-06-20"
    },
    {
      "Name": "민원과_건축",
      "Phone": "063-350-2285",
      "Date": "2022-06-20"
    },
    {
      "Name": "민원과_마을경관",
      "Phone": "063-350-2295",
      "Date": "2022-06-20"
    },
    {
      "Name": "문화체육관광과_문화예술",
      "Phone": "063-350-2315",
      "Date": "2022-06-20"
    },
    {
      "Name": "문화체육관광과_가야문화",
      "Phone": "063-350-2325",
      "Date": "2022-06-20"
    },
    {
      "Name": "문화체육관광과_체육",
      "Phone": "063-350-2335",
      "Date": "2022-06-20"
    },
    {
      "Name": "문화체육관광과_관광",
      "Phone": "063-350-2345",
      "Date": "2022-06-20"
    },
    {
      "Name": "문화체육관광과_축제진흥",
      "Phone": "063-350-2355",
      "Date": "2022-06-20"
    },
    {
      "Name": "문화체육관광과_도서관",
      "Phone": "063-350-2330",
      "Date": "2022-06-20"
    },
    {
      "Name": "환경위생과_환경관리",
      "Phone": "063-350-2520",
      "Date": "2022-06-20"
    },
    {
      "Name": "환경위생과_환경지도",
      "Phone": "063-350-2530",
      "Date": "2022-06-20"
    },
    {
      "Name": "환경위생과_위생",
      "Phone": "063-350-2540",
      "Date": "2022-06-20"
    },
    {
      "Name": "환경위생과_생태보전",
      "Phone": "063-350-2545",
      "Date": "2022-06-20"
    },
    {
      "Name": "환경위생과_폐기물관리",
      "Phone": "063-350-2930",
      "Date": "2022-06-20"
    },
    {
      "Name": "환경위생과_폐기물관리 현장",
      "Phone": "063-350-2911",
      "Date": "2022-06-20"
    },
    {
      "Name": "농산업건설국",
      "Phone": "063-350-2013",
      "Date": "2022-06-20"
    },
    {
      "Name": "농업정책과_농업정책",
      "Phone": "063-350-2360",
      "Date": "2022-06-20"
    },
    {
      "Name": "농업정책과_농업활력",
      "Phone": "063-350-2370",
      "Date": "2022-06-20"
    },
    {
      "Name": "농업정책과_마을공동체",
      "Phone": "063-350-2385",
      "Date": "2022-06-20"
    },
    {
      "Name": "농업정책과_귀농귀촌",
      "Phone": "063-350-2395",
      "Date": "2022-06-20"
    },
    {
      "Name": "일자리경제과_지역경제",
      "Phone": "063-350-2180",
      "Date": "2022-06-20"
    },
    {
      "Name": "일자리경제과_일자리청년",
      "Phone": "063-350-2190",
      "Date": "2022-06-20"
    },
    {
      "Name": "일자리경제과_에너지정책",
      "Phone": "063-350-2205",
      "Date": "2022-06-20"
    },
    {
      "Name": "일자리경제과_지역재생",
      "Phone": "063-350-2210",
      "Date": "2022-06-20"
    },
    {
      "Name": "농축산유통과_유통정책",
      "Phone": "063-350-1710",
      "Date": "2022-06-20"
    },
    {
      "Name": "농축산유통과_마케팅",
      "Phone": "063-350-1720",
      "Date": "2022-06-20"
    },
    {
      "Name": "농축산유통과_식품진흥",
      "Phone": "063-350-1725",
      "Date": "2022-06-20"
    },
    {
      "Name": "농축산유통과_친환경농업",
      "Phone": "063-350-1735",
      "Date": "2022-06-20"
    },
    {
      "Name": "축산과_축산지원",
      "Phone": "063-350-2405",
      "Date": "2022-06-20"
    },
    {
      "Name": "축산과_미래축산",
      "Phone": "063-350-2415",
      "Date": "2022-06-20"
    },
    {
      "Name": "축산과_축산방역",
      "Phone": "063-350-2425",
      "Date": "2022-06-20"
    },
    {
      "Name": "축산과_말산업",
      "Phone": "063-350-2435",
      "Date": "2022-06-20"
    },
    {
      "Name": "산림과_산림자원",
      "Phone": "063-350-2445",
      "Date": "2022-06-20"
    },
    {
      "Name": "산림과_산림소득",
      "Phone": "063-350-2455",
      "Date": "2022-06-20"
    },
    {
      "Name": "산림과_산림보호",
      "Phone": "063-350-2460",
      "Date": "2022-06-20"
    },
    {
      "Name": "산림과_산림휴양",
      "Phone": "063-350-2470",
      "Date": "2022-06-20"
    },
    {
      "Name": "산림과_와룡휴양림",
      "Phone": "063-350-2477",
      "Date": "2022-06-20"
    },
    {
      "Name": "산림과_방화동휴양림",
      "Phone": "063-350-2475",
      "Date": "2022-06-20"
    },
    {
      "Name": "안전재난과_안전총괄",
      "Phone": "063-350-2480",
      "Date": "2022-06-20"
    },
    {
      "Name": "안전재난과_재해대책",
      "Phone": "063-350-2490",
      "Date": "2022-06-20"
    },
    {
      "Name": "안전재난과_하천",
      "Phone": "063-350-2510",
      "Date": "2022-06-20"
    },
    {
      "Name": "안전재난과_관제",
      "Phone": "063-350-2515",
      "Date": "2022-06-20"
    },
    {
      "Name": "안전재난과_재난상황실",
      "Phone": "063-350-1635",
      "Date": "2022-06-20"
    },
    {
      "Name": "건설교통과_건설행정",
      "Phone": "063-350-2555",
      "Date": "2022-06-20"
    },
    {
      "Name": "건설교통과_교통",
      "Phone": "063-350-2565",
      "Date": "2022-06-20"
    },
    {
      "Name": "건설교통과_도시",
      "Phone": "063-350-2575",
      "Date": "2022-06-20"
    },
    {
      "Name": "건설교통과_토목",
      "Phone": "063-350-2580",
      "Date": "2022-06-20"
    },
    {
      "Name": "건설교통과_농촌시설",
      "Phone": "063-350-2590",
      "Date": "2022-06-20"
    },
    {
      "Name": "건설교통과_가로등신고",
      "Phone": "063-350-2594",
      "Date": "2022-06-20"
    },
    {
      "Name": "보건의료원",
      "Phone": "063-351-8000",
      "Date": "2022-06-20"
    },
    {
      "Name": "보건사업과_보건행정",
      "Phone": "063-350-2610",
      "Date": "2022-06-20"
    },
    {
      "Name": "보건사업과_건강증진",
      "Phone": "063-350-2625",
      "Date": "2022-06-20"
    },
    {
      "Name": "보건사업과_치매정신통합",
      "Phone": "063-350-2640",
      "Date": "2022-06-20"
    },
    {
      "Name": "보건사업과_방문보건",
      "Phone": "063-350-2660",
      "Date": "2022-06-20"
    },
    {
      "Name": "보건사업과_건강센터",
      "Phone": "063-350-2663",
      "Date": "2022-06-20"
    },
    {
      "Name": "의료지원과_원무",
      "Phone": "063-350-2735",
      "Date": "2022-06-20"
    },
    {
      "Name": "의료지원과_진료",
      "Phone": "063-350-2745",
      "Date": "2022-06-20"
    },
    {
      "Name": "의료지원과_보건의약",
      "Phone": "063-350-2760",
      "Date": "2022-06-20"
    },
    {
      "Name": "의료지원과_감염병관리",
      "Phone": "063-350-2660",
      "Date": "2022-06-20"
    },
    {
      "Name": "의료지원과_감염병대응",
      "Phone": "063-350-2797",
      "Date": "2022-06-20"
    },
    {
      "Name": "의료지원과_민원실접수",
      "Phone": "063-350-2740",
      "Date": "2022-06-20"
    },
    {
      "Name": "의료지원과_민원실수납",
      "Phone": "063-350-2741",
      "Date": "2022-06-20"
    },
    {
      "Name": "의료지원과_건강검진실",
      "Phone": "063-350-2768",
      "Date": "2022-06-20"
    },
    {
      "Name": "의료지원과_응급실",
      "Phone": "063-350-2119",
      "Date": "2022-06-20"
    },
    {
      "Name": "의료지원과_결핵실",
      "Phone": "063-350-2746",
      "Date": "2022-06-20"
    },
    {
      "Name": "의료지원과_예방접종실",
      "Phone": "063-350-2663",
      "Date": "2022-06-20"
    },
    {
      "Name": "보건지소+진료소_산서면",
      "Phone": "063-350-2690",
      "Date": "2022-06-20"
    },
    {
      "Name": "보건지소+진료소_번암면",
      "Phone": "063-350-2695",
      "Date": "2022-06-20"
    },
    {
      "Name": "보건지소+진료소_천천면",
      "Phone": "063-350-2700",
      "Date": "2022-06-20"
    },
    {
      "Name": "보건지소+진료소_계남면",
      "Phone": "063-350-2705",
      "Date": "2022-06-20"
    },
    {
      "Name": "보건지소+진료소_계북면",
      "Phone": "063-350-2710",
      "Date": "2022-06-20"
    },
    {
      "Name": "보건지소+진료소_대 성",
      "Phone": "063-350-2720",
      "Date": "2022-06-20"
    },
    {
      "Name": "보건지소+진료소_마 하",
      "Phone": "063-350-2721",
      "Date": "2022-06-20"
    },
    {
      "Name": "보건지소+진료소_계 월",
      "Phone": "063-350-2722",
      "Date": "2022-06-20"
    },
    {
      "Name": "보건지소+진료소_국 포",
      "Phone": "063-350-2723",
      "Date": "2022-06-20"
    },
    {
      "Name": "보건지소+진료소_동 화",
      "Phone": "063-350-2724",
      "Date": "2022-06-20"
    },
    {
      "Name": "보건지소+진료소_대 곡",
      "Phone": "063-350-2725",
      "Date": "2022-06-20"
    },
    {
      "Name": "보건지소+진료소_명 덕",
      "Phone": "063-350-2726",
      "Date": "2022-06-20"
    },
    {
      "Name": "보건지소+진료소_남 양",
      "Phone": "063-350-2727",
      "Date": "2022-06-20"
    },
    {
      "Name": "보건지소+진료소_오 봉",
      "Phone": "063-350-2728",
      "Date": "2022-06-20"
    },
    {
      "Name": "보건지소+진료소_궁 양",
      "Phone": "063-350-2729",
      "Date": "2022-06-20"
    },
    {
      "Name": "보건지소+진료소_양 악",
      "Phone": "063-350-2730",
      "Date": "2022-06-20"
    },
    {
      "Name": "농촌지원과_지도기획",
      "Phone": "063-350-2820",
      "Date": "2022-06-20"
    },
    {
      "Name": "농촌지원과_전문교육",
      "Phone": "063-350-2830",
      "Date": "2022-06-20"
    },
    {
      "Name": "농촌지원과_생활자원",
      "Phone": "063-350-2835",
      "Date": "2022-06-20"
    },
    {
      "Name": "농촌지원과_농업기계",
      "Phone": "063-350-2840",
      "Date": "2022-06-20"
    },
    {
      "Name": "농업인상담소_장수",
      "Phone": "063-350-2846",
      "Date": "2022-06-20"
    },
    {
      "Name": "농업인상담소_산서",
      "Phone": "063-353-5397",
      "Date": "2022-06-20"
    },
    {
      "Name": "농업인상담소_번암",
      "Phone": "063-352-5328",
      "Date": "2022-06-20"
    },
    {
      "Name": "농업인상담소_장계",
      "Phone": "063-352-5329",
      "Date": "2022-06-20"
    },
    {
      "Name": "농업인상담소_천천",
      "Phone": "063-352-5330",
      "Date": "2022-06-20"
    },
    {
      "Name": "농업인상담소_계남",
      "Phone": "063-352-5331",
      "Date": "2022-06-20"
    },
    {
      "Name": "농업인상담소_계북",
      "Phone": "063-352-5332",
      "Date": "2022-06-20"
    },
    {
      "Name": "과수과_과수지원",
      "Phone": "063-350-2850",
      "Date": "2022-06-20"
    },
    {
      "Name": "과수과_소득작물",
      "Phone": "063-350-2855",
      "Date": "2022-06-20"
    },
    {
      "Name": "과수과_작물환경",
      "Phone": "063-350-2865",
      "Date": "2022-06-20"
    },
    {
      "Name": "과수과_기후변화연구",
      "Phone": "063-350-2875",
      "Date": "2022-06-20"
    },
    {
      "Name": "시설관리사업소_시설관리",
      "Phone": "063-350-2880",
      "Date": "2022-06-20"
    },
    {
      "Name": "시설관리사업소_상수도",
      "Phone": "063-350-2890",
      "Date": "2022-06-20"
    },
    {
      "Name": "시설관리사업소_하수도",
      "Phone": "063-350-2900",
      "Date": "2022-06-20"
    },
    {
      "Name": "시설관리사업소_수영장",
      "Phone": "063-350-1641",
      "Date": "2022-06-20"
    },
    {
      "Name": "시설관리사업소_대곡관광지",
      "Phone": "063-350-1642",
      "Date": "2022-06-20"
    },
    {
      "Name": "시설관리사업소_논개생가",
      "Phone": "063-350-1636",
      "Date": "2022-06-20"
    },
    {
      "Name": "시설관리사업소_물빛공원",
      "Phone": "063-352-3215",
      "Date": "2022-06-20"
    },
    {
      "Name": "장수군의회_의장실",
      "Phone": "063-350-2608",
      "Date": "2022-06-20"
    },
    {
      "Name": "장수군의회_부의장",
      "Phone": "063-350-2940",
      "Date": "2022-06-20"
    },
    {
      "Name": "장수군의회_부속실",
      "Phone": "063-350-2941",
      "Date": "2022-06-20"
    },
    {
      "Name": "장수군의회_민원실",
      "Phone": "063-350-2947",
      "Date": "2022-06-20"
    },
    {
      "Name": "의회사무과_의정팀",
      "Phone": "063-350-2950",
      "Date": "2022-06-20"
    },
    {
      "Name": "의회사무과_의사팀",
      "Phone": "063-350-2958",
      "Date": "2022-06-20"
    },
    {
      "Name": "의회사무과_전문위원실",
      "Phone": "063-350-2965",
      "Date": "2022-06-20"
    },
    {
      "Name": "장수읍_총무",
      "Phone": "063-350-1210",
      "Date": "2022-06-20"
    },
    {
      "Name": "장수읍_주민생활",
      "Phone": "063-350-1220",
      "Date": "2022-06-20"
    },
    {
      "Name": "장수읍_맞춤형복지",
      "Phone": "063-350-1240",
      "Date": "2022-06-20"
    },
    {
      "Name": "장수읍_산업",
      "Phone": "063-350-1225",
      "Date": "2022-06-20"
    },
    {
      "Name": "장수읍_민원",
      "Phone": "063-350-1235",
      "Date": "2022-06-20"
    },
    {
      "Name": "산서면_총무",
      "Phone": "063-350-1260",
      "Date": "2022-06-20"
    },
    {
      "Name": "산서면_맞춤형복지",
      "Phone": "063-350-1275",
      "Date": "2022-06-20"
    },
    {
      "Name": "산서면_산업",
      "Phone": "063-350-1270",
      "Date": "2022-06-20"
    },
    {
      "Name": "번암면_총무",
      "Phone": "063-350-1310",
      "Date": "2022-06-20"
    },
    {
      "Name": "번암면_맞춤형복지",
      "Phone": "063-350-1325",
      "Date": "2022-06-20"
    },
    {
      "Name": "번암면_산업",
      "Phone": "063-350-1320",
      "Date": "2022-06-20"
    },
    {
      "Name": "장계면_총무",
      "Phone": "063-350-1360",
      "Date": "2022-06-20"
    },
    {
      "Name": "장계면_주민생활",
      "Phone": "063-350-1370",
      "Date": "2022-06-20"
    },
    {
      "Name": "장계면_맞춤형복지",
      "Phone": "063-350-1390",
      "Date": "2022-06-20"
    },
    {
      "Name": "장계면_산업",
      "Phone": "063-350-1375",
      "Date": "2022-06-20"
    },
    {
      "Name": "장계면_민원",
      "Phone": "063-350-1385",
      "Date": "2022-06-20"
    },
    {
      "Name": "천천면_총무",
      "Phone": "063-350-1410",
      "Date": "2022-06-20"
    },
    {
      "Name": "천천면_맞춤형복지",
      "Phone": "063-350-1425",
      "Date": "2022-06-20"
    },
    {
      "Name": "천천면_산업",
      "Phone": "063-350-1420",
      "Date": "2022-06-20"
    },
    {
      "Name": "계남면_총무",
      "Phone": "063-350-1460",
      "Date": "2022-06-20"
    },
    {
      "Name": "계남면_맞춤형복지",
      "Phone": "063-350-1475",
      "Date": "2022-06-20"
    },
    {
      "Name": "계남면_산업",
      "Phone": "063-350-1470",
      "Date": "2022-06-20"
    },
    {
      "Name": "계북면_총무",
      "Phone": "063-350-1510",
      "Date": "2022-06-20"
    },
    {
      "Name": "계북면_맞춤형복지",
      "Phone": "063-350-1525",
      "Date": "2022-06-20"
    },
    {
      "Name": "계북면_산업",
      "Phone": "063-350-1520",
      "Date": "2022-06-20"
    },
    {
      "Name": "기타사무실_군청당직실",
      "Phone": "063-350-2222",
      "Date": "2022-06-20"
    },
    {
      "Name": "기타사무실_군농협출장소",
      "Phone": "063-350-1604",
      "Date": "2022-06-20"
    },
    {
      "Name": "기타사무실_산림조합",
      "Phone": "063-350-1610",
      "Date": "2022-06-20"
    },
    {
      "Name": "기타사무실_장수경찰서",
      "Phone": "063-350-1609",
      "Date": "2022-06-20"
    },
    {
      "Name": "기타사무실_논개사당",
      "Phone": "063-350-1637",
      "Date": "2022-06-20"
    },
    {
      "Name": "기타사무실_군립도서관",
      "Phone": "063-350-1621",
      "Date": "2022-06-20"
    },
    {
      "Name": "기타사무실_장수향교",
      "Phone": "063-350-1639",
      "Date": "2022-06-20"
    }
  ]
}